{"mode": "morning_plus", "host": "CAT", "started": 1782526826.862533, "last_beat": 1782527090.548911, "steps_done": 10, "total_steps": 11}