{"mode": "afternoon", "host": "CAT", "started": 1782548741.851948, "last_beat": 1782548965.8837469, "steps_done": 8, "total_steps": 9}