{"mode": "close", "host": "CAT", "started": 1782991654.635919, "last_beat": 1782992072.5483568, "steps_done": 8, "total_steps": 10}