{"mode": "afternoon", "host": "CAT", "started": 1783157125.3181758, "last_beat": 1783157359.3384352, "steps_done": 9, "total_steps": 10}