{"mode": "morning_plus", "host": "CAT", "started": 1782354054.230438, "last_beat": 1782354318.8055882, "steps_done": 8, "total_steps": 9}