{"mode": "pre_market", "host": "CAT", "started": 1782436057.947065, "last_beat": 1782436237.0350657, "steps_done": 6, "total_steps": 7}