{"mode": "afternoon", "host": "CAT", "started": 1782973558.180052, "last_beat": 1782973693.8326237, "steps_done": 5, "total_steps": 9}