{"mode": "backup", "host": "CAT", "started": 1782910550.1055007, "last_beat": 1782910550.1055012, "steps_done": 0, "total_steps": 1}