{"mode": "morning_plus", "host": "CAT", "started": 1782959718.5691044, "last_beat": 1782960008.2278094, "steps_done": 11, "total_steps": 11}