{"mode": "morning_plus", "host": "CAT", "started": 1782438778.853259, "last_beat": 1782439053.081876, "steps_done": 9, "total_steps": 10}