{"mode": "morning_scan", "host": "CAT", "started": 1782826866.4344509, "last_beat": 1782826962.8592243, "steps_done": 5, "total_steps": 6}