{"mode": "afternoon", "host": "CAT", "started": 1782458739.2036405, "last_beat": 1782458989.4723763, "steps_done": 8, "total_steps": 9}