{"mode": "morning_report", "host": "CAT", "started": 1783050058.7703881, "last_beat": 1783050264.1507978, "steps_done": 10, "total_steps": 11}