{"mode": "morning_plus", "host": "CAT", "started": 1782786533.15095, "last_beat": 1782786535.8284354, "steps_done": 2, "total_steps": 11}