{"mode": "morning_scan", "host": "CAT", "started": 1782870040.3140469, "last_beat": 1782870163.8551135, "steps_done": 5, "total_steps": 6}