{"mode": "morning_report", "host": "CAT", "started": 1782358852.1611066, "last_beat": 1782359140.6462393, "steps_done": 9, "total_steps": 10}