{"mode": "afternoon", "host": "CAT", "started": 1782797146.6187403, "last_beat": 1782797333.0678463, "steps_done": 8, "total_steps": 9}