{"mode": "pre_market", "host": "CAT", "started": 1782781849.7932048, "last_beat": 1782782063.9235208, "steps_done": 7, "total_steps": 8}