{"mode": "afternoon", "host": "CAT", "started": 1782883542.0548844, "last_beat": 1782883748.5075479, "steps_done": 8, "total_steps": 9}