{"mode": "afternoon", "host": "CAT", "started": 1782285942.0528705, "last_beat": 1782286032.7267733, "steps_done": 6, "total_steps": 9}