{"mode": "morning_plus", "host": "CAT", "started": 1783045235.0148053, "last_beat": 1783045465.6666276, "steps_done": 10, "total_steps": 11}