{"mode": "afternoon", "host": "CAT", "started": 1782807949.9894423, "last_beat": 1782808205.9111905, "steps_done": 8, "total_steps": 9}