{"mode": "afternoon", "host": "CAT", "started": 1782624333.8754377, "last_beat": 1782624426.589258, "steps_done": 5, "total_steps": 9}