{"mode": "morning_plus", "host": "CAT", "started": 1782872445.6478033, "last_beat": 1782872722.043762, "steps_done": 10, "total_steps": 11}