{"mode": "afternoon", "host": "CAT", "started": 1782285942.0528705, "last_beat": 1782286178.4527185, "steps_done": 8, "total_steps": 9}