{"mode": "afternoon", "host": "CAT", "started": 1782462381.4039133, "last_beat": 1782462622.0587676, "steps_done": 8, "total_steps": 9}