{"mode": "afternoon", "host": "CAT", "started": 1782541567.2004998, "last_beat": 1782541812.9679415, "steps_done": 8, "total_steps": 9}