{"mode": "close", "host": "CAT", "started": 1782775524.7240672, "last_beat": 1782775591.528959, "steps_done": 5, "total_steps": 43}