{"mode": "morning_plus", "host": "CAT", "started": 1783157551.4510813, "last_beat": 1783157826.1802661, "steps_done": 11, "total_steps": 12}