{"mode": "morning_plus", "host": "CAT", "started": 1782958836.2921653, "last_beat": 1782958939.4868608, "steps_done": 4, "total_steps": 11}