{"mode": "morning_plus", "host": "CAT", "started": 1783224829.657088, "last_beat": 1783224958.6544933, "steps_done": 5, "total_steps": 12}