{"mode": "afternoon", "host": "CAT", "started": 1782365130.9488997, "last_beat": 1782365362.016777, "steps_done": 7, "total_steps": 8}