{"mode": "afternoon", "host": "CAT", "started": 1783056341.732945, "last_beat": 1783056549.0434942, "steps_done": 8, "total_steps": 9}