{"mode": "morning_scan", "host": "CAT", "started": 1782956467.2889843, "last_beat": 1782956706.396645, "steps_done": 6, "total_steps": 6}