{"mode": "morning_plus", "host": "CAT", "started": 1782786533.15095, "last_beat": 1782786798.7117612, "steps_done": 9, "total_steps": 11}