{"mode": "post_close", "host": "CAT", "started": 1782977136.440133, "last_beat": 1782977455.7247972, "steps_done": 9, "total_steps": 10}