{"mode": "afternoon", "host": "CAT", "started": 1783059948.7789652, "last_beat": 1783060130.793954, "steps_done": 8, "total_steps": 9}