{"mode": "morning_scan", "host": "CAT", "started": 1782826866.4344509, "last_beat": 1782826871.7865767, "steps_done": 2, "total_steps": 6}