{"mode": "afternoon", "host": "CAT", "started": 1782278739.9202697, "last_beat": 1782278859.845085, "steps_done": 6, "total_steps": 9}