{"mode": "afternoon", "host": "CAT", "started": 1783157454.611211, "last_beat": 1783157667.5178432, "steps_done": 9, "total_steps": 10}