{"mode": "morning_plus", "host": "CAT", "started": 1783224829.657088, "last_beat": 1783225091.3819478, "steps_done": 11, "total_steps": 12}