{"mode": "morning_plus", "host": "CAT", "started": 1782785293.2379131, "last_beat": 1782785573.7428882, "steps_done": 10, "total_steps": 11}