{"mode": "afternoon", "host": "CAT", "started": 1782624333.8754377, "last_beat": 1782624580.9393091, "steps_done": 8, "total_steps": 9}