{"mode": "morning_scan", "host": "CAT", "started": 1783042833.6895883, "last_beat": 1783042955.4665222, "steps_done": 5, "total_steps": 6}