{"mode": "pre_market", "host": "CAT", "started": 1782954724.8808434, "last_beat": 1782955039.3973954, "steps_done": 7, "total_steps": 8}