{"mode": "post_close", "host": "CAT", "started": 1782890982.8807285, "last_beat": 1782891248.1870375, "steps_done": 9, "total_steps": 10}