{"mode": "afternoon", "host": "CAT", "started": 1782372325.6588554, "last_beat": 1782372570.3099003, "steps_done": 7, "total_steps": 8}