{"mode": "afternoon", "host": "CAT", "started": 1783157564.2522118, "last_beat": 1783157778.312667, "steps_done": 9, "total_steps": 10}