{"mode": "morning_scan", "host": "CAT", "started": 1783129244.6449995, "last_beat": 1783129395.327225, "steps_done": 6, "total_steps": 7}