{"mode": "afternoon", "host": "CAT", "started": 1783232741.6223257, "last_beat": 1783232960.4064054, "steps_done": 9, "total_steps": 10}