{"mode": "morning_scan", "host": "CAT", "started": 1783224854.9533763, "last_beat": 1783224979.3870153, "steps_done": 6, "total_steps": 7}