{"mode": "afternoon", "host": "CAT", "started": 1783229138.5626938, "last_beat": 1783229363.811049, "steps_done": 9, "total_steps": 10}