{"mode": "pre_market", "host": "CAT", "started": 1783127580.4692805, "last_beat": 1783127746.067552, "steps_done": 8, "total_steps": 9}