{"mode": "morning_scan", "host": "CAT", "started": 1782437763.2189274, "last_beat": 1782437921.8854933, "steps_done": 5, "total_steps": 6}