{"mode": "morning_report", "host": "CAT", "started": 1782963635.8220227, "last_beat": 1782963833.8679802, "steps_done": 10, "total_steps": 11}