{"mode": "afternoon", "host": "CAT", "started": 1782455138.2621179, "last_beat": 1782455399.7525353, "steps_done": 8, "total_steps": 9}