{"mode": "morning_scan", "host": "CAT", "started": 1782783327.8829765, "last_beat": 1782783447.8450596, "steps_done": 5, "total_steps": 6}