{"mode": "afternoon", "host": "CAT", "started": 1782635136.3900428, "last_beat": 1782635263.5943995, "steps_done": 5, "total_steps": 9}