{"mode": "backup", "host": "CAT", "started": 1783169819.7870724, "last_beat": 1783169819.7870734, "steps_done": 0, "total_steps": 1}