{"mode": "afternoon", "host": "CAT", "started": 1782973558.180052, "last_beat": 1782973588.5415335, "steps_done": 3, "total_steps": 9}