{"mode": "morning_plus", "host": "CAT", "started": 1782525033.097585, "last_beat": 1782525317.4488413, "steps_done": 10, "total_steps": 11}